title,artist
I'm Not In Love,10cc
Love Song,311
What's Up?,4 Non Blondes
The Day Of The Greys,4hero
I Ran (So Far Away),A Flock Of Seagulls
Dime Porque,A.B. Quintanilla III Y Los Kumbia Kings
Dime Quién,A.B. Quintanilla III Y Los Kumbia Kings
Fuiste Mala,A.B. Quintanilla III Y Los Kumbia Kings
Sshh!!,A.B. Quintanilla III Y Los Kumbia Kings
Te Quiero A Tí,A.B. Quintanilla III Y Los Kumbia Kings
Dancing Queen,ABBA
The Winner Takes It All,ABBA
Back In Black,AC/DC
Highway to Hell,AC/DC
Thunderstruck,AC/DC
Post Traumatic Love,Actors
Rolling in the Deep,Adele
Dos Culpables,Adriana Lucia
Enamórate Como Yo,Adriana Lucia
Llegaste Tú,Adriana Lucia
Olvidarte Es Imposible (Te Amaría),Adriana Lucia
Amazing,Aerosmith
Crazy,Aerosmith
Cryin',Aerosmith
Dream On,Aerosmith
Fallen Angels,Aerosmith
Falling In Love (Is Hard On The Knees),Aerosmith
Fly Away From Here,Aerosmith
Hole In My Soul,Aerosmith
"I Don't Want to Miss a Thing (From ""Armageddon"" Soundtrack)",Aerosmith
Jaded,Aerosmith
Pink,Aerosmith
Take on Me,A-Ha
Sexy Boy,Air
Surfing on a Rocket,Air
Lost In Love,Air Supply
El Circo,Albert Zamora Y Talento
Quien Mas Te Adora,Albert Zamora Y Talento
Tu Carcel,Albert Zamora Y Talento
Te Esperaba,Alejandra Guzman
Abrazame,Alejandro Fernández
Como Quien Pierde una Estrella,Alejandro Fernández
Cuando Yo Quería Ser Grande,Alejandro Fernández
Me Dedique a Perderte,Alejandro Fernandez A Duo Con Amaia Montero
Amiga mía,Alejandro Sanz
Corazón partío,Alejandro Sanz
Pisando fuerte,Alejandro Sanz
Si tú me miras,Alejandro Sanz
"Y, ¿Si fuera ella?",Alejandro Sanz
Sexo Pudor Y Lágrimas,Aleks Syntek
Anhelos,Alfredo Gutierrez
Man in the Box,Alice In Chains
No Excuses,Alice In Chains
Rooster (2022 Remaster),Alice In Chains
We Die Young,Alice In Chains
Metalingus,Alter Bridge
A Horse with No Name,America
La Cumbia Sampuesana,Aniceto Molina
You Should All Be Murdered,Another Sunny Day
Cold Rock the Mic,Apollo 440
The Suburbs,Arcade Fire
Escapee,Architecture in Helsinki
Adúltera,"Arnulfo Jr. ""Rey Y As"""
Perdona Mi Franqueza,"Arnulfo Jr. ""Rey Y As"""
Por Amor A Ti,"Arnulfo Jr. ""Rey Y As"""
Pregúntele A Ella,"Arnulfo Jr. ""Rey Y As"""
Soy De La Calle,"Arnulfo Jr. ""Rey Y As"""
Una Noche De Pasión,"Arnulfo Jr. ""Rey Y As"""
"Ballade No. 1 in G Minor, Op. 23",Arturo Benedetti Michelangeli
Bolero Falaz,Aterciopelados
Florecita Rockera,Aterciopelados
Be Yourself,Audioslave
Cochise,Audioslave
I Am The Highway,Audioslave
Like a Stone,Audioslave
Show Me How To Live,Audioslave
Secret Enchanted Broccoli Forest,Babe Rainbow
Te Presumo,Banda Sinaloense de El Recodo de Don Cruz Lizarraga
De Ti Enamorado,Banda Sinaloense MS de Sergio Lizárraga
Mi Mayor Anhelo,Banda Sinaloense MS de Sergio Lizárraga
"Can't Get Enough Of Your Love, Babe",Barry White
Just The Way You Are,Barry White
"Never, Never Gonna Give Ya Up",Barry White
"You're The First, The Last, My Everything",Barry White
Dark Entries,Bauhaus
Kick in the Eye,Bauhaus
Myth,Beach House
Space Song,Beach House
Devils Haircut,Beck
Gamma Ray,Beck
Loser,Beck
Ramona,Beck
How Deep Is Your Love,Bee Gees
More Than A Woman,Bee Gees
Night Fever,Bee Gees
Stayin' Alive,Bee Gees
You Should Be Dancing,Bee Gees
Take My Breath Away,Berlin
El Preso,Bernardo Y Sus Compadres
La Cama de Piedra,Bernardo Y Sus Compadres
Piece of My Heart,Big Brother & The Holding Company
Shark Smile,Big Thief
Gonna Fly Now,Bill Conti
Eyes Without A Face,Billy Idol
Bañarte en Mis Sueños,Binomio De Oro De América
Como Vamos A Quedar,Binomio De Oro De América
Difícil de Igualar,Binomio De Oro De América
Dime Cómo Te Olvido,Binomio De Oro De América
Distintos Destinos,Binomio De Oro De América
Hoy Me Di Cuenta,Binomio De Oro De América
Lejos De Ti,Binomio De Oro De América
Manantial de Amor,Binomio De Oro De América
Me Ilusioné,Binomio De Oro De América
Me Vas A Extrañar,Binomio De Oro De América
Niña Bonita,Binomio De Oro De América
No Pude Olvidarte,Binomio De Oro De América
No Puedo Olvidarla,Binomio De Oro De América
Olvídala,Binomio De Oro De América
Pa´Que Me Des Tus Besos,Binomio De Oro De América
Quiero Que Seas Mi Estrella,Binomio De Oro De América
Si Tu Amor No Vuelve,Binomio De Oro De América
Tiempo de Comenzar,Binomio De Oro De América
Tres Palabras,Binomio De Oro De América
Un Osito Dormilon,Binomio De Oro De América
Vovió el Dolor,Binomio De Oro De América
Last Year's Disco Guitars,Bishop Morocco
Hurricane Jane,Black Kids
O Katrina!,Black Lips
Iron Man,Black Sabbath
Iron Man,Black Sabbath
Paranoid,Black Sabbath
Paranoid,Black Sabbath
No Rain,Blind Melon
First Date,blink-182
It's Getting Boring By The Sea,Blood Red Shoes
Season Song,Blue States
Beetlebum,Blur
Coffee & TV,Blur
Song 2,Blur
Duvet,bôa
The Times They Are A-Changin',Bob Dylan
A Tu Lado,Bobby Pulido
Abrázame Y Bésame,Bobby Pulido
Desvelado,Bobby Pulido
El Cazador,Bobby Pulido
Enséñame,Bobby Pulido
La Rosa,Bobby Pulido
Le Pediré,Bobby Pulido
Permaneces En Mí,Bobby Pulido
Qué Más Te Puedo Dar,Bobby Pulido
Se Murió De Amor,Bobby Pulido
Zona de Peligro,Bobby Pulido
Always,Bon Jovi
Bed Of Roses,Bon Jovi
Livin' On A Prayer,Bon Jovi
El Abandonado,Boni Mauricio Y Maximos
Heaven Must Have Sent You,Bonnie Pointer
Holding Out for a Hero,Bonnie Tyler
Total Eclipse of the Heart,Bonnie Tyler
Can't Take My Eyes Off You,Boys Town Gang
The Book Lovers,Broadcast
Smalltown Boy,Bronski Beat
(Everything I Do) I Do It For You,Bryan Adams
Liar,Built To Spill
Alicia,Bunbury
Salomé,Bunbury
Salute da Gods!!,Busta Rhymes
Ever Fallen in Love (With Someone You Shouldn't've?),Buzzcocks
What Do I Get?,Buzzcocks
Eres,Café Tacvba
La ingrata,Café Tacvba
Las flores,Café Tacvba
Las persianas,Café Tacvba
María,Café Tacvba
Take It Or Leave It,Cage The Elephant
Afuera,Caifanes
Cuéntame Tu Vida,Caifanes
La Célula Que Explota,Caifanes
Mátenme Porque Me Muero,Caifanes
Miedo,Caifanes
No Dejes Que...,Caifanes
Nubes,Caifanes
Viento,Caifanes
Dance With Me,Cameron Avery
La Planta,Caos
La Pelotona,Cartel De Santa
Todas Mueren por Mí,Cartel De Santa
All By Myself,Céline Dion
My Heart Will Go On,Céline Dion
Al pensar en ti,Celso Piña y su Ronda Bogotá
Aunque no sea conmigo (feat. Café Tacvba),Celso Piña y su Ronda Bogotá
Cumbia poder,Celso Piña y su Ronda Bogotá
Cumbia sobre el río / Interludio,Celso Piña y su Ronda Bogotá
Blue Hotel,Chris Isaak
Fade Away,Chris Isaak
Lie To Me,Chris Isaak
Wicked Game,Chris Isaak
You Owe Me Some Kind of Love,Chris Isaak
You Never Can Tell,Chuck Berry
Apocalypse,Cigarettes After Sex
Walking With Thee,Clinic
Confetti,Cold Cave
Clocks,Coldplay
In My Place,Coldplay
The Scientist,Coldplay
Yellow,Coldplay
Horse Race,Colourmusic
Cada Vez Que Resuelles,Conjunto Oro
La Decision,Conjunto Oro
Llore,Conjunto Oro
Quiero Que Me Abraces,Conjunto Oro
Vete a Buscar Aquel,Conjunto Oro
Amnesia,Control Machete
Andamos Armados,Control Machete
Así Son Mis Días,Control Machete
Cheve,Control Machete
"Comprendes, Mendes?",Control Machete
Danzón,Control Machete
Humanos Mexicanos,Control Machete
Ileso,Control Machete
Si Señor,Control Machete
Gangsta's Paradise (feat. L.V.),Coolio
Como olvidarte,Costumbre
Cuanto te amo,Costumbre
Esperare,Costumbre
Estar enamorado,Costumbre
Estar Enamorado (En Vivo),Costumbre
Fantasia,Costumbre
Fantasía (En Vivo),Costumbre
Quiera Dios (En Vivo),Costumbre
Quiero Decirte,Costumbre
Quiero Decirte (En Vivo),Costumbre
Y Ya Despues,Costumbre
Colorblind,Counting Crows
Sunshine Of Your Love,Cream
Beautiful,Creed
Higher,Creed
My Own Prison,Creed
My Sacrifice,Creed
One Last Breath,Creed
What If,Creed
With Arms Wide Open,Creed
Fortunate Son,Creedence Clearwater Revival
Have You Ever Seen The Rain,Creedence Clearwater Revival
Proud Mary,Creedence Clearwater Revival
Azul,Cristian
No Podras,Cristian
Groove Is in the Heart / California Girls,Crocodiles
I Wanna Kill,Crocodiles
Mirrors,Crocodiles
Stoned to Death,Crocodiles
Wait Until Tomorrow,Crocodiles
Don't Dream It's Over,Crowded House
Not In Love,Crystal Castles
Shake the Shackles,Crystal Stilts
Star Crawl,Crystal Stilts
Still as the Night,Crystal Stilts
Cara de Pizza,Cuca
El Son del Dolor,Cuca
Where I'm Going,Cut Copy
Time After Time,Cyndi Lauper
(Rap) Superstar,Cypress Hill
(Rock) Superstar,Cypress Hill
Dr. Dedoverde (Dr. Greenthumb),Cypress Hill
Siempre Peligroso,Cypress Hill
Tequila (Tequila Sunrise),Cypress Hill
Yo Quiero Fumar (I Wanna Get High),Cypress Hill
Get Lucky,Daft Punk feat. Pharrell Williams
Get Out of Control,Daniel Ash
Sunset Gun,Danse Society
Mother,Danzig
"""Heroes""",David Bowie
New Killer Star,David Bowie
Space Oddity,David Bowie
Starman,David Bowie
The Man Who Sold the World,David Bowie
Ziggy Stardust,David Bowie
Mi Pequeño Lucero,David Lee Garza
Tengo Ganas,David Lee Garza
"Adagio for Strings, Op. 11",David Parry
You Spin Me Round (Like a Record),Dead Or Alive
Girls,Death In Vegas
"Rush, Rush",Debbie Harry
Desire Lines,Deerhunter
My Own Summer (Shove It),Deftones
Return Of The Tres,Delinquent Habits
Tres Delinquentes,Delinquent Habits
Enjoy the Silence,Depeche Mode
Never Let Me Down Again,Depeche Mode
Personal Jesus,Depeche Mode
Stripped,Depeche Mode
Sweetest Perfection,Depeche Mode
Under Your Spell,Desire
Here With Me,Dido
Thank You,Dido
Circles,Digitalism
Doused,DIIV
Feel The Pain,Dinosaur Jr.
No Le Faltes a Mí Corazón,Diomedes Dionisio Diaz
Found You,Django Django
Hail Bop,Django Django
Right the Wrongs,Django Django
The Real Me,Dover
Kingdom Of Rust,Doves
Forgot About Dre,Dr. Dre
Still D.R.E.,Dr. Dre
The Next Episode,Dr. Dre
Through The Fire And Flames,Dragonforce
Money In The Grave,Drake
¿Cómo Evitar?,Duelo
¿Qué Hubiera Sido De Mi Vida?,Duelo
Acostumbrándome,Duelo
Amiga Soledad,Duelo
Desde Hoy,Duelo
El Amor No Acaba,Duelo
Él No Sabe,Duelo
Insomnio,Duelo
Por Amarte Tanto,Duelo
Quise,Duelo
Sigue Soñando,Duelo
Te Odio Y Te Amo,Duelo
Un Beso,Duelo
Un Minuto Más,Duelo
Viviendo En Mi,Duelo
Y Me Quedé Suspirando,Duelo
Ya No Quiero Extrañarte,Duelo
Coming Down,Dum Dum Girls
Cautionary Tale,Dylan LeBlanc
Hotel California,Eagles
Boogie Wonderland,"Earth, Wind & Fire"
September,"Earth, Wind & Fire"
Bring on the Dancing Horses,Echo And The Bunnymen
In the Margins,Echo And The Bunnymen
Lips Like Sugar,Echo And The Bunnymen
Seven Seas,Echo And The Bunnymen
The Cutter,Echo And The Bunnymen
The Killing Moon,Echo And The Bunnymen
Acurrucar,Ed Maverick
Fuentes de Ortiz,Ed Maverick
All Sparks,Editors
An End Has a Start,Editors
Blood,Editors
Bones,Editors
Munich,Editors
Papillon,Editors
Smokers Outside The Hospital Doors,Editors
The Racing Rats,Editors
Círculo De Amor,El Gran Silencio
Decadencia,El Gran Silencio
Déjenme Si Estoy Llorando,El Gran Silencio
Dormir Soñando,El Gran Silencio
Lo Que No Fue No Será,El Gran Silencio
No Sabemos Amar,El Gran Silencio
Tonta Canción,El Gran Silencio
Déjame Soñar,El Plan
Para Respirar,El Plan
Para Ti Con Amor,El Plan
Si Yo Fuera Tu,El Plan
A Ella,El Poder Del Norte
A Quien,El Poder Del Norte
Acepto Mi Derrota,El Poder Del Norte
Amarga Pena,El Poder Del Norte
Como Llama,El Poder Del Norte
Cómo Te Extraño,El Poder Del Norte
De Qué Sirvió,El Poder Del Norte
Decídete,El Poder Del Norte
En Tu Basura,El Poder Del Norte
En Tu Sonrisa,El Poder Del Norte
Enamorada,El Poder Del Norte
Enamórate De Alguien,El Poder Del Norte
Ganas De Ti,El Poder Del Norte
Maldito Orgullo,El Poder Del Norte
Mi Decisión,El Poder Del Norte
Mi Vida Eres Tú,El Poder Del Norte
Ni Que Valieras Tanto,El Poder Del Norte
No Será Fácil,El Poder Del Norte
No Te Culpes,El Poder Del Norte
Pero Me Perdonas,El Poder Del Norte
Piel De Ángel,El Poder Del Norte
Por Qué Tuvo Que Ser,El Poder Del Norte
Que Nunca Llores,El Poder Del Norte
Sólo Te Amo A Ti,El Poder Del Norte
Te Felicito,El Poder Del Norte
Vestido Blanco,El Poder Del Norte
Y Aquí Estoy,El Poder Del Norte
Las piedras rodantes,El Tri
Pobre soñador,El Tri
Triste canción,El Tri
Last Train to London,Electric Light Orchestra
Mr. Blue Sky,Electric Light Orchestra
A Real Hero,Electric Youth
Eclipse,Emilio Navaira
Ella Es Así,Emilio Navaira
Suficiente Amor,Emilio Navaira
Ya No Me Pones Atención,Emilio Navaira
Kill You,Eminem
Lose Yourself,Eminem
Sing For The Moment,Eminem
Stan,Eminem
Superman,Eminem
The Real Slim Shady,Eminem
The Way I Am,Eminem
Without Me,Eminem
Tears in Heaven,Eric Clapton
Eras Diferente,Erick Escobar
Eres Lo Contrario,Erick Escobar
Esta Soledad en el Alma,Erick Escobar
La Huella de Tu Amor,Erick Escobar
No Pude Quitarte las Espinas,Erick Escobar
Puedes Hacerme Feliz,Erick Escobar
Si Puedes Perdonarme,Erick Escobar
Toma de Mí,Erick Escobar
Ven a Hacer el Amor Conmigo,Erick Escobar
Voy a Hacerme el Loco,Erick Escobar
Bring Me To Life,Evanescence
My Immortal,Evanescence
No One There (feat. Julian Casablancas),Exhibition
More Than Words,Extreme
Something About You,Eyedress
Agua Caliente,Fabian Corrales
Finje Amor y Calla,Fabian Corrales
Ni de Aquí a la Esquina,Fabian Corrales
Final De Aquella Historia,Felipe Peláez
Sigue,Felipe Peláez
Si Tu Te Fueras de Mi,Fermin Canales y los Talismanes
Hoy Ten Miedo De Mi,Fernando Delgadillo
He Doesn't Know Why,Fleet Foxes
Mykonos,Fleet Foxes
White Winter Hymnal,Fleet Foxes
Hoy Tengo Miedo,Fobia
Slow Ride,Foghat
Big Me,Foo Fighters
Times Like These,Foo Fighters
Call It What You Want,Foster The People
Coming of Age,Foster The People
Pumped Up Kicks,Foster The People
Shuggie,Foxygen
space girl,Frances Forever
Vida Loca,Francisco Céspedes
I Heard Ramona Sing,Frank Black
Swoon,Fujiya & Miyagi
Scooby Snacks,Fun Lovin' Criminals
I Think I'm Paranoid,Garbage
Only Happy When It Rains,Garbage
Starman,Garbage
Vow,Garbage
Cars,Gary Numan
Down in the Park,Gary Numan
M.E.,Gary Numan
Metal,Gary Numan
Elysium,Gavin Greenaway
Honor Him,Gavin Greenaway
My Sweet Lord,George Harrison
Botella Tras Botella,Gera MX
Baker Street,Gerry Rafferty
Mi Historia Entre Tus Dedos,Gianluca Grignani
The World Is Yours,Glasvegas
I Will Survive,Gloria Gaynor
Crazy,Gnarls Barkley
Bring It On,Gomez
19-2000,Gorillaz
Clint Eastwood,Gorillaz
Feel Good Inc (featuring De La Soul),Gorillaz
Lake Zurich,Gorillaz
Rhinestone Eyes,Gorillaz
Somebody That I Used To Know,Gotye
A.M. 180,Grandaddy
Basket Case,Green Day
Lilium (From ''Elfen Lied''),Grissini Project
Mourning Sound,Grizzly Bear
Con La Misma Piedra,Grupo Limite
Hasta Mañana,Grupo Limite
Te Aprovechas,Grupo Limite
Yo Sin Tu Amor,Grupo Limite
Walk The River,Guillemots
Back Off Bitch,Guns N' Roses
Bad Obsession,Guns N' Roses
Civil War,Guns N' Roses
Coma,Guns N' Roses
Don't Cry,Guns N' Roses
Don't Cry (Original),Guns N' Roses
Don't Damn Me,Guns N' Roses
Dust N' Bones,Guns N' Roses
Estranged,Guns N' Roses
Garden Of Eden,Guns N' Roses
It's So Easy,Guns N' Roses
Knockin' On Heaven's Door,Guns N' Roses
Live And Let Die,Guns N' Roses
Mr. Brownstone,Guns N' Roses
My Michelle,Guns N' Roses
Nightrain,Guns N' Roses
November Rain,Guns N' Roses
Out Ta Get Me,Guns N' Roses
Paradise City,Guns N' Roses
Patience,Guns N' Roses
Perfect Crime,Guns N' Roses
Right Next Door To Hell,Guns N' Roses
Rocket Queen,Guns N' Roses
Since I Don't Have You,Guns N' Roses
Sweet Child O' Mine,Guns N' Roses
The Garden,Guns N' Roses
Think About You,Guns N' Roses
Used To Love Her,Guns N' Roses
Welcome To The Jungle,Guns N' Roses
Yesterdays,Guns N' Roses
You Could Be Mine,Guns N' Roses
You're Crazy,Guns N' Roses
You're Crazy,Guns N' Roses
Swing Lynn,Harmless
Barracuda,Heart
Avalancha,Héroes del Silencio
Entre dos tierras,Héroes del Silencio
La chispa adecuada (Bendecida 3),Héroes del Silencio
Maldito duende,Héroes del Silencio
I Disappear (Originally Performed By Metallica),Hit Tunes Karaoke
Malibu,Hole
The Reason,Hoobastank
Shine On,House Of Love
Jump Around,House Of Pain
Don't You Want Me,Human League
Melancholy,Human Tetris
Gardenia,Iggy Pop
Sunday,Iggy Pop
Amargo Adiós,Inspector
Amnesia,Inspector
Es Por Ti,Inspector
Y Que,Inspector
All the Rage Back Home,Interpol
C'mere,Interpol
Evil,Interpol
Hands Away,Interpol
Leif Erikson,Interpol
No I In Threesome,Interpol
Not Even Jail,Interpol
Obstacle 1,Interpol
Obstacle 2,Interpol
Pace Is The Trick,Interpol
PDA,Interpol
Pioneer To The Falls,Interpol
Rest My Chemistry,Interpol
Slow Hands,Interpol
The Heinrich Maneuver,Interpol
The New,Interpol
The Scale,Interpol
Untitled,Interpol
¿Y Todo Para Qué?,Intocable
Alguien Te Va A Hacer Llorar,Intocable
Amor Maldito,Intocable
Contigo,Intocable
El Amigo Que Se Fué,Intocable
Fuerte No Soy,Intocable
No Te Vayas,Intocable
Perdedor,Intocable
Soñador Eterno,Intocable
Sueña,Intocable
Un Desengaño,Intocable
Vete Ya,Intocable
Ya Estoy Cansado,Intocable
The Number of the Beast,Iron Maiden
Comprendeme,Ivan Villazon
No Me Pidas Que Te Olvide,Ivan Villazon
Glazin',Jacuzzi Boys
Dime Jaguar,Jaguares
Fin,Jaguares
Te Lo Pido por Favor,Jaguares
Laid,James
Sit Down,James
You're Beautiful,James Blunt
Me and Bobby McGee,Janis Joplin
Adolescent Sex,Japan
"Dan Dan Kokoro Hikareteku (From ""Dragonball Gt"") [Japanese Vocal Version] [feat. Dai]",Japan Daisuki
Diving Woman,Japanese Breakfast
No Quiero Estar Solo,Jay Perez
Somebody To Love,Jefferson Airplane
White Rabbit,Jefferson Airplane
El Que Hoy Está en Tu Lugar,Jenni Rivera
El Dolor De Tu Presencia,Jennifer Pena
Hasta El Fin Del Mundo,Jennifer Pena
No Te Voy A Perdonar,Jennifer Pena
Si Tu Te Vas,Jennifer Pena
All Along the Watchtower,Jimi Hendrix
Purple Haze,Jimi Hendrix
A Pesar De Todo,Jimmy Gonzalez Y Grupo Mazz
Quién Iba A Pensar,Jimmy Gonzalez Y Grupo Mazz
Cantares,Joan Manuel Serrat
One Of Us,Joan Osborne
With A Little Help From My Friends,Joe Cocker
Summer Song,Joe Satriani
Surfing with the Alien,Joe Satriani
Beautiful Boy (Darling Boy),John Lennon
Imagine,John Lennon
In the House - In a Heartbeat,John Murphy
New Town Velocity,Johnny Marr
Cuatro Rosas,Jorge Celedón
El Invierno Pasado,Jorge Celedón
Como Duele El Frio,Jose Luis Carrascal
A Means to an End (2007 Remaster),Joy Division
Disorder,Joy Division
Love Will Tear Us Apart,Joy Division
Transmission,Joy Division
Sunspots,Julian Cope
Too Late For Goodbyes,Julian Lennon
El Triste,Julieta Venegas
Aquí,Jumbo
Fotografía,Jumbo
Lo Dudo,Jumbo
Monotransistor,Jumbo
Siento Que...,Jumbo
I Predict A Riot,Kaiser Chiefs
Ruby,Kaiser Chiefs
The Angry Mob,Kaiser Chiefs
Dust in the Wind,Kansas
I'm Your Boogie Man,KC And The Sunshine Band
Somewhere Only We Know,Keane
"Danger Zone (From ""Top Gun"" Original Soundtrack)",Kenny Loggins
Drive That Fast,Kitchens Of Distinction
"He Holds Her, He Needs Her",Kitchens Of Distinction
Railwayed,Kitchens Of Distinction
Falling Away from Me,Korn
Somebody Someone,Korn
Bad Voodoo,Kreeps
Dead Man Walking,Kreeps
Dead Sled,Kreeps
Into The Deep,Kula Shaker
Shitlist,L7
Algo Más,La 5a Estación
El Sol No Regresa,La 5a Estación
Sueños Rotos,La 5a Estación
La Güera,La Castañeda
Viejo Veneno,La Castañeda
Ayer Y Hoy,La Combinación Vallenata
Dime Dios,La Combinación Vallenata
Dime que me quieres,La Combinación Vallenata
Fue Un Amor De Verdad,La Combinación Vallenata
La Tengo,La Combinación Vallenata
Que Pena,La Combinación Vallenata
Quiero Volar,La Combinación Vallenata
Si No Estas Aquí,La Combinación Vallenata
Te Tengo Que Olvidar,La Combinación Vallenata
Tú Y Yo,La Combinación Vallenata
Cómo Olvidarla,La Firma
La Llamada,La Firma
La Llamada Vers.2,La Firma
Le Diré,La Firma
Por El Amor De Una Mujer,La Firma
Si Ella Supiera,La Firma
Algo en Tí,La Leyenda
Hay Algo en ti,La Leyenda
Contrabando y Traición,La Lupita
Gavilán o Paloma,La Lupita
A Pesar De Ti,La Mafia
Ahora y Siempre,La Mafia
Aqui Esta Mi Amor,La Mafia
Como Me Duele Amor,La Mafia
Estas Tocando Fuego,La Mafia
Mas Que Solo Amiga,La Mafia
Me Estoy Enamorando,La Mafia
Mi Llamada,La Mafia
Nuestra Cancion,La Mafia
Olvidame,La Mafia
Que Hare Yo,La Mafia
Quiero Volver Contigo,La Mafia
Si Tu Me Quisieras,La Mafia
Un Millón de Rosas,La Mafia
Una Memoria,La Mafia
Yo Me Morire,La Mafia
Yo Te Amare,La Mafia
Luna de Miel,La Tropa f
Luna de Miel (Live),La Tropa f
No Soy Perfecto (Live),La Tropa f
Ghosts,Ladytron
A Punto De Marcharme,Lalo Mora
Self Control,Laura Branigan
american dream,LCD Soundsystem
I Can Change,LCD Soundsystem
Someone Great,LCD Soundsystem
Whole Lotta Love - a Tribute to Led Zeppelin,Led Zepagain
Immigrant Song,Led Zeppelin
Stairway to Heaven,Led Zeppelin
Whole Lotta Love,Led Zeppelin
Por Mi México,Lefty Sm
Brillas,Leon Larregui
Hallelujah,Leonard Cohen
You And Me,Lifehouse
My Generation,Limp Bizkit
My Way,Limp Bizkit
Nookie,Limp Bizkit
Rollin' (Air Raid Vehicle),Limp Bizkit
Take A Look Around,Limp Bizkit
Crawling,Linkin Park
In the End,Linkin Park
One Step Closer,Linkin Park
Now We Are Free,Lisa Gerrard
Lo Que Queda De Ti,LMT
"Orchestral Suite No. 3 in D Major, BWV 1068: II. Air",London Philharmonic Orchestra
The World Ender,Lord Huron
Dance With Me,Lords Of The New Church
Russian Roulette,Lords Of The New Church
No Logre Olvidarte (En Vivo),Los Cachorros De Juan Villarreal
Añorando Tus Besos,Los Cadetes De Linares
Cosas Del Ayer,Los Cadetes De Linares
Desprecio,Los Cadetes De Linares
Mandato Divino,Los Cadetes De Linares
Menos Que Nada,Los Cadetes De Linares
Mi Amigo,Los Cadetes De Linares
"Necio, Necio Morire",Los Cadetes De Linares
No Hay Novedad,Los Cadetes De Linares
Que Seas Dichosa,Los Cadetes De Linares
Regalo De Reyes,Los Cadetes De Linares
Sabor De Engaño,Los Cadetes De Linares
Sinceramente,Los Cadetes De Linares
Tu Nombre,Los Cadetes De Linares
Un Viejo Amor,Los Cadetes De Linares
Una Lagrima Y Un Recuerdo,Los Cadetes De Linares
Ahora,Los Campeones De Raul Ruiz
Soy Lo Peor,Los Cardenales de Nuevo León
Aqui Conmigo,Los Chiches del Vallenato
Muchacha Encantadora,Los Chiches del Vallenato
No Puedo Vivir Asi,Los Chiches del Vallenato
Antojos,Los Chiches Vallenatos
Aquí Conmigo,Los Chiches Vallenatos
Entre el Cielo y la Tierra,Los Chiches Vallenatos
Hay Que Ser Fuerte,Los Chiches Vallenatos
Mi Primer Amor,Los Chiches Vallenatos
No Me Digas Que No,Los Chiches Vallenatos
Sólo Pienso en Ti (Canción de Primavera),Los Chiches Vallenatos
Sólo un Te Quiero,Los Chiches Vallenatos
Te Olvidaré y Seguiré Solo,Los Chiches Vallenatos
Te Veré Llorar,Los Chiches Vallenatos
Tierra Mala,Los Chiches Vallenatos
Todo Se Acaba,Los Chiches Vallenatos
Un Solo Cuerpo,Los Chiches Vallenatos
Voy a Olvidarte,Los Chiches Vallenatos
Tú y Yo,Los Compadres
Gema,Los Dandys
A besitos,Los Diablitos
Busca Un Confidente,Los Diablitos
Cuando Casi Te Olvidaba,Los Diablitos
Las Razones Del Amor,Los Diablitos
Los Caminos De La Vida,Los Diablitos
No voy a llorar,Los Diablitos
Novios Cruzados,Los Diablitos
Por Una Mentira,Los Diablitos
Que Vuelva,Los Diablitos
Solo Pienso En Tenerla,Los Diablitos
Aca Entre Nos,Los Dos Gilbertos
Lamento Boliviano,Los Enanitos Verdes
A Puro Dolor,Los Garcia Bros.
Cuatro Paredes,Los Garcia Bros.
El Pachuco,Los Garcia Bros.
Quien Te Puede Amar,Los Garcia Bros.
Quién Te Puede Amar,Los Garcia Bros.
Sabes Amor,Los Garcia Bros.
Viendolo Bien,Los Garcia Bros.
Viéndolo Bien,Los Garcia Bros.
Acuerdate,Los Gigantes del Vallenato
Diez Segundos,Los Gigantes del Vallenato
Me Das Y Me Quitas Todo,Los Gigantes del Vallenato
Me Mata La Melancolia,Los Gigantes del Vallenato
Se Me Salen Las Lagrimas,Los Gigantes del Vallenato
Sobrenatural,Los Gigantes del Vallenato
Vete De Mí,Los Gigantes del Vallenato
Palabra de borracho,Los Herederos De Nuevo Leon
Nubes Negras,Los Iguaran
Buscare Otro Amor,Los Inquietos Del Vallenato
Despues de Amar,Los Inquietos Del Vallenato
Entrégame Tu Amor,Los Inquietos Del Vallenato
Es Por Ti,Los Inquietos Del Vallenato
Me Duele Tanto,Los Inquietos Del Vallenato
Nunca Niegues Que Te Amo,Los Inquietos Del Vallenato
Primavera Azul,Los Inquietos Del Vallenato
Quiero Saber de Ti,Los Inquietos Del Vallenato
Recuérdame,Los Inquietos Del Vallenato
Regálame Una Noche,Los Inquietos Del Vallenato
Sin Ella Muero,Los Inquietos Del Vallenato
Suave Brisa,Los Inquietos Del Vallenato
Te Pierdo Y Te Pienso,Los Inquietos Del Vallenato
Te Quiero Asi,Los Inquietos Del Vallenato
Te Sorprenderás,Los Inquietos Del Vallenato
Un Millon de Besos,Los Inquietos Del Vallenato
Ven Y Dime,Los Inquietos Del Vallenato
Volver,Los Inquietos Del Vallenato
Y Dime,Los Inquietos Del Vallenato
"A Mí, ¿Qué Me Quedó?",Los Invasores de Nuevo León
Aguanta Corazón,Los Invasores de Nuevo León
Amor A La Ligera,Los Invasores de Nuevo León
Aunque Seas De Otro,Los Invasores de Nuevo León
Bajo Mil Llaves,Los Invasores de Nuevo León
Castígame,Los Invasores de Nuevo León
Corazón De Oro,Los Invasores de Nuevo León
Derrotado Corazón,Los Invasores de Nuevo León
Eslabón Por Eslabón,Los Invasores de Nuevo León
La Costumbre,Los Invasores de Nuevo León
Laurita Garza,Los Invasores de Nuevo León
Mi Casa Nueva,Los Invasores de Nuevo León
Ni Dada La Quiero,Los Invasores de Nuevo León
Para Que Te Explico,Los Invasores de Nuevo León
Que La Dejen Ir Al Baile,Los Invasores de Nuevo León
Que No Se Apague La Lumbre,Los Invasores de Nuevo León
Rosalinda,Los Invasores de Nuevo León
Sabor De Olvido,Los Invasores de Nuevo León
Tu Tuviste La Culpa,Los Invasores de Nuevo León
La Carta Que Nunca Envie,Los Palominos
La Llama,Los Palominos
Abeja Reína,Los Traileros Del Norte
Amnesia,Los Traileros Del Norte
Arrastrando La Cobija,Los Traileros Del Norte
Mary Lee,Los Traileros Del Norte
Ni Tu Amigo Ni Tu Amante,Los Traileros Del Norte
Quisiera Ser Una Lágrima,Los Traileros Del Norte
Poquita Fe (Sin Fe),Los Tres Reyes
Con Quien Andaras,Los Valbuena
Dime Dime,Los Valbuena
Me Equivoque Contigo,Los Valbuena
Pertenece a Ti,Los Valbuena
Solo Recuerdos,Los Valbuena
Temporal de Amor,Los Valbuena
Triste Verano,Los Valbuena
Tu Fotografia,Los Valbuena
Y Si Me Marcho,Los Valbuena
Perfect Day,Lou Reed
What A Wonderful World,Louis Armstrong
No Big Deal,Love and Rockets
Shelf Life,Love and Rockets
So Alive,Love and Rockets
Muero por Verla,Luis Mateus
Sin Ti No Hay Vida,Luis Mateus
Culpable O No,Luis Miguel
La Gloria Eres Tu,Luis Miguel
Por Debajo De La Mesa,Luis Miguel
Tengo Todo Excepto a Ti,Luis Miguel
Inalcanzable,Luis Miguel Fuentes
Chao Chao Amor,Luis Y Julian
Grandes Ligas,Lupillo Rivera
Cómo Olvidarte,Luz Mabel
U Can't Touch This,M.C. Hammer
Midnight City,M83
Golgotha Tenement Blues,Machines Of Loving Grace
Our House,Madness
"Lo Pasado, Pasado",Maldita Vecindad y Los Hijos del 5to Patio
Kumbala,Maldita Vecindad Y Los Hijos Del Quinto Patio
Pachuco,Maldita Vecindad Y Los Hijos Del Quinto Patio
Solín,Maldita Vecindad Y Los Hijos Del Quinto Patio
En El Muelle de San Blas,Mana
Mariposa Traicionera,Mana
Me Vale,Mana
Sex & Candy,Marcy Playground
Te Prometo,Maria Jose Ospino
The Beautiful People,Marilyn Manson
Pegasus Fantasy,Mauren mendo
Siempre Enamorada,Mayra Arguelles
Fade Into You,Mazzy Star
Time Baby III,Medicine
Angry Again,Megadeth
Captive Honour,Megadeth
Symphony Of Destruction,Megadeth
I Follow You,Melody's Echo Chamber
"Some Time Alone, Alone",Melody's Echo Chamber
Show Me How (Album V),Men I Trust
Goddess on a Hiway,Mercury Rev
- Human,Metallica
(Anesthesia) Pulling Teeth,Metallica
...And Justice for All,Metallica
2 x 4,Metallica
Ain't My Bitch,Metallica
Am I Evil?,Metallica
Astronomy,Metallica
"Atlas, Rise!",Metallica
Battery,Metallica
Battery,Metallica
Better Than You,Metallica
Blackened,Metallica
Bleeding Me,Metallica
Bleeding Me,Metallica
Carpe Diem Baby,Metallica
Creeping Death,Metallica
Creeping Death,Metallica
Cure,Metallica
Cyanide,Metallica
Devil's Dance,Metallica
"Die, Die My Darling",Metallica
Disposable Heroes,Metallica
Don't Tread on Me,Metallica
Dyers Eve,Metallica
Enter Sandman,Metallica
Enter Sandman,Metallica
Escape,Metallica
Eye of the Beholder,Metallica
Fade To Black,Metallica
Fight Fire With Fire,Metallica
For Whom The Bell Tolls,Metallica
For Whom The Bell Tolls,Metallica
Frantic,Metallica
Fuel,Metallica
Fuel,Metallica
Harvester of Sorrow,Metallica
Harvester of Sorrow,Metallica
Hero Of The Day,Metallica
Hero of the Day,Metallica
Hit The Lights,Metallica
Holier Than Thou,Metallica
I Disappear,Metallica
Jump In The Fire,Metallica
King Nothing,Metallica
Loverman,Metallica
Low Man's Lyric,Metallica
Master Of Puppets,Metallica
Master Of Puppets,Metallica
My Friend of Misery,Metallica
No Leaf Clover,Metallica
Nothing Else Matters,Metallica
Nothing Else Matters,Metallica
Nothing Else Matters,Metallica
Of Wolf And Man,Metallica
Of Wolf and Man,Metallica
One,Metallica
One,Metallica
Orion,Metallica
Outlaw Torn,Metallica
Ride The Lightning,Metallica
Ronnie,Metallica
Sabbra Cadabra,Metallica
Sad But True,Metallica
Sad But True,Metallica
Sad But True,Metallica
Seek & Destroy,Metallica
Slither,Metallica
Some Kind Of Monster,Metallica
St. Anger,Metallica
The Call Of Ktulu,Metallica
The Call Of Ktulu,Metallica
The Day That Never Comes,Metallica
The Ecstasy Of Gold,Metallica
The Frayed Ends of Sanity,Metallica
The God That Failed,Metallica
The House Jack Built,Metallica
The Memory Remains,Metallica
The Memory Remains,Metallica
The Outlaw Torn,Metallica
The Shortest Straw,Metallica
The Thing That Should Not Be,Metallica
The Thing That Should Not Be,Metallica
The Unforgiven,Metallica
The Unforgiven II,Metallica
The Unforgiven III,Metallica
Through the Never,Metallica
To Live is to Die,Metallica
Turn The Page,Metallica
Until It Sleeps,Metallica
Until It Sleeps,Metallica
Welcome Home (Sanitarium),Metallica
Wherever I May Roam,Metallica
Wherever I May Roam,Metallica
Whiskey In The Jar,Metallica
Black Sheep,Metric
Little Dark Age,MGMT
Time to Pretend,MGMT
Beat It,Michael Jackson
Billie Jean,Michael Jackson
Smooth Criminal,Michael Jackson
Thriller,Michael Jackson
Shadows,Midnight Juggernauts
Virago,Midnight Juggernauts
Si tú no vuelves,Miguel Bosé
Ayúdame a Olvidarla,Miguel Morales
Mi Diosa Humana,Miguel Morales
Por Un Beso De Tu Boca,Miguel Morales
Sirena Encantada,Miguel Morales
Éxtasis,Millonario & W. Corona
Monk,Mini Mansions
Vertigo,Mini Mansions
Edgar Allan Poe Was a Hardcore Dancer,Modern Aquatic
I Melt With You,Modern English
Lady,Modjo
Судно (Борис Рыжий),Molchat Doma
Frijolero,Molotov
Gimme Tha Power,Molotov
Payaso,Molotov
Voto Latino,Molotov
Everyday Is Like Sunday,Morrissey
"Irish Blood, English Heart",Morrissey
Suedehead,Morrissey
The First Of The Gang To Die,Morrissey
You Have Killed Me,Morrissey
Back into the Womb,Moses Gunn Collective
Dream Girls,Moses Gunn Collective
Hole in the Wall,Moses Gunn Collective
I Can Cry,Moses Gunn Collective
Shalala,Moses Gunn Collective
Ghost,Motorama
Ace of Spades,Motörhead
Pink Cigarette,Mr. Bungle
Knights of Cydonia,Muse
only shallow,My Bloody Valentine
"Touch Me I'm Going To Scream, Pt. 2",My Morning Jacket
Lucha De Gigantes,Nacha Pop
El Color de Tus Ojos,Natalia Jiménez
Soledad y el Mar,Natalia Lafourcade
Tú Sí Sabes Quererme,Natalia Lafourcade
Torn,Natalie Imbruglia
Calabria 2008,Natasja
Cómo Duele,Negami
Dicen Por Ahi,Negami
Dicen por Ahi (feat. Ricky Martinez),Negami
Y No Lo Acepto,Negami
Harvest Moon,Neil Young
Dilemma,Nelly
Ride Wit Me,Nelly
Ajena,Nelson Velasquez
Casualidad,Nelson Velasquez
Age of Consent,New Order
Bizarre Love Triangle,New Order
Temptation,New Order
Red Right Hand,Nick Cave & The Bad Seeds
Dead Souls,Nine Inch Nails
About A Girl,Nirvana
All Apologies,Nirvana
Breed,Nirvana
Come As You Are,Nirvana
Drain You,Nirvana
Dumb,Nirvana
Frances Farmer Will Have Her Revenge On Seattle,Nirvana
Heart-Shaped Box,Nirvana
In Bloom,Nirvana
Lithium,Nirvana
Lounge Act,Nirvana
Milk It,Nirvana
On A Plain,Nirvana
Pennyroyal Tea,Nirvana
Polly,Nirvana
Radio Friendly Unit Shifter,Nirvana
Rape Me,Nirvana
Scentless Apprentice,Nirvana
Serve The Servants,Nirvana
Smells Like Teen Spirit,Nirvana
Something In The Way,Nirvana
Stay Away,Nirvana
Territorial Pissings,Nirvana
The Man Who Sold The World,Nirvana
Tourette's,Nirvana
Very Ape,Nirvana
You Know You're Right,Nirvana
Don't Speak,No Doubt
Why Doesn't Anybody Like Me,No Use For A Name
Dead Disco Dancer,O. Children
Don't Look Back in Anger,Oasis
Stand by Me,Oasis
Stop Crying Your Heart Out,Oasis
Wonderwall,Oasis
Hopelessly Devoted To You,Olivia Newton-John
Una Hoja en Blanco,Omar Geles
Mix Homenaje a las Mujeres: Tarde Lo Conocí / Enamórate Como Yo / Me Dejaste Sin Nada / Llegaste Tu / Olvidarte Es Imposible / Una Hoja en Blanco / Volver,Orlando Simancas
A Pesar Del Dolor,Oswaldo Morelos
"Mama, I'm Coming Home",Ozzy Osbourne
El Breve Espacio en Que No Estás,Pablo Milanes
No Me Conoces Aún,Palomo
La Carencia,Panteón Rococó
La Dosis Perfecta,Panteón Rococó
La Dosis Perfecta,Panteón Rococó
Revolution Is My Name,Pantera
Last Resort,Papa Roach
Nineteen Hundred And Eighty Five,Paul McCartney
I Don't Want to Wait,Paula Cole
1998 (Delicious),Peace
Alive,Pearl Jam
Better Man,Pearl Jam
Black,Pearl Jam
Corduroy (Remastered),Pearl Jam
Daughter (Remastered),Pearl Jam
Do the Evolution,Pearl Jam
Even Flow,Pearl Jam
Given to Fly,Pearl Jam
I Got Id,Pearl Jam
Jeremy,Pearl Jam
Oceans,Pearl Jam
Parachutes,Pearl Jam
Yellow Ledbetter,Pearl Jam
Amarte A La Antigua,Pedro Fernández
Mi Forma De Sentir,Pedro Fernández
Cien años,Pedro Infante
Cuándo sale la luna,Pedro Infante
Qué te ha dado esa mujer,Pedro Infante
Acuerdate de mí,Pesado
Ayúdame,Pesado
Dile,Pesado
Loco,Pesado
Mundo de amor,Pesado
My Body Is A Cage,Peter Gabriel
Major Tom (Coming Home),Peter Schilling
Lisztomania,Phoenix
"Another Brick in the Wall, Pt. 2",Pink Floyd
Comfortably Numb,Pink Floyd
Time,Pink Floyd
Debaser,Pixies
Gouge Away,Pixies
Here Comes Your Man,Pixies
Hey,Pixies
Monkey Gone to Heaven,Pixies
Where Is My Mind?,Pixies
Every You Every Me,Placebo
Pure Morning,Placebo
Afroman,Plastilina Mosh
Mr. P-Mosh,Plastilina Mosh
Niño Bomba,Plastilina Mosh
La Monaguilla,Policarpo Calle
Elvis' Flaming Star,Pond
Holding Out For You,Pond
Sitting Up On Our Crane,Pond
Waiting Around For Grace,Pond
Zond,Pond
Head In The Sand,Pop Unknown
Got It All (This Can't Be Living Now),Portugal. The Man
Cigarette Duet,Princess Chelsea
I'll Be Missing You (feat. Faith Evans & 112),Puff Daddy
Babies,Pulp
Bar Italia,Pulp
Common People,Pulp
Disco 2000,Pulp
Live Bed Show,Pulp
Mis-Shapes,Pulp
Monday Morning,Pulp
Something Changed,Pulp
Sorted For E's & Wizz,Pulp
Underwear,Pulp
Goodbye Horses - Single,Q Lazzarus
Another One Bites The Dust,Queen
Bohemian Rhapsody,Queen
Don't Stop Me Now,Queen
I Want To Break Free,Queen
Radio Ga Ga,Queen
Somebody To Love,Queen
Under Pressure,Queen
We Are The Champions,Queen
We Will Rock You,Queen
In My Head,Queens Of The Stone Age
Make It Wit Chu,Queens Of The Stone Age
Drive,R.E.M.
Everybody Hurts,R.E.M.
Losing My Religion,R.E.M.
Man On The Moon,R.E.M.
Orange Crush,R.E.M.
Try Not To Breathe,R.E.M.
Until The Day Is Done,R.E.M.
"What's The Frequency, Kenneth?",R.E.M.
15 Step,Radiohead
Airbag,Radiohead
Bodysnatchers,Radiohead
Creep,Radiohead
Exit Music (For A Film),Radiohead
High and Dry,Radiohead
House Of Cards,Radiohead
I Might Be Wrong,Radiohead
Just,Radiohead
Karma Police,Radiohead
Knives Out,Radiohead
Lucky,Radiohead
My Iron Lung,Radiohead
No Surprises,Radiohead
Paranoid Android,Radiohead
Reckoner,Radiohead
Street Spirit (Fade Out),Radiohead
Subterranean Homesick Alien,Radiohead
The Bends,Radiohead
"There, There",Radiohead
True Love Waits,Radiohead
Weird Fishes / Arpeggi,Radiohead
Nos Sorprendió la Mañana,Ramiro Delgado
Alter Mann,Rammstein
Amerika,Rammstein
Deutschland,Rammstein
Du hast,Rammstein
Engel,Rammstein
Feuer frei!,Rammstein
Ich will,Rammstein
Links 2 3 4,Rammstein
Mutter,Rammstein
Seemann,Rammstein
Sehnsucht,Rammstein
Sonne,Rammstein
Stripped,Rammstein
Te quiero puta!,Rammstein
Californication,Red Hot Chili Peppers
Otherside,Red Hot Chili Peppers
Me Va a Extrañar (Unchain My Heart),Ricardo Montaner
Right Here Waiting,Richard Marx
Dragula,Rob Zombie
Living Dead Girl,Rob Zombie
Scum Of The Earth,Rob Zombie
Clubbed to Death,Robert D
Killing Me Softly With His Song,Roberta Flack
More Than This,Roxy Music
In Dreams,Roy Orbison
You Got It,Roy Orbison
No Pienso Despertar,Ruben De La Cruz
Alice Isn't Playing,Sad Lovers & Giants
Colourless Dream,Sad Lovers & Giants
Landslide,Sad Lovers & Giants
Things We Never Did,Sad Lovers and Giants
Played-A-Live (The Bongo Song),Safri Duo
Cold Cold Man,Saint Motel
My Type,Saint Motel
Origami,Saint Motel
Estoy Enamorada De Ti,Salomón Robles Y Sus Legendarios
Niña Mía,Salomón Robles Y Sus Legendarios
Por Favor No Me Compares,Salomón Robles Y Sus Legendarios
Awkward,San Cisco
Black Magic Woman / Gypsy Queen,Santana
Europa (Earth's Cry Heaven's Smile),Santana
Samba Pa Ti,Santana
Soul Sacrifice,Santana
Sleepwalk,Santo & Johnny
Still Loving You,Scorpions
Wind Of Change,Scorpions
Ya Ves,Selena
Antología,Shakira
You're Still The One,Shania Twain
Tear You Apart,She Wants Revenge
Seca Tus Lagrimas,Silvio Brito y Osmel Meriño
Ojala,Silvio Rodriguez
The Sound of Silence,Simon & Garfunkel
Don't You (Forget About Me),Simple Minds
Entra en Mi Vida,Sin Bandera
Kilómetros,Sin Bandera
Que Lloro,Sin Bandera
Te Vi Venir,Sin Bandera
Dear Prudence,Siouxsie & The Banshees
Happy House,Siouxsie & The Banshees
Spellbound,Siouxsie & The Banshees
Stargazer,Siouxsie & The Banshees
Kiss Me,Sixpence None The Richer
El Cuarto Oscuro,Skunk D.F.
Atomic,Sleeper
All Die Young,Smith Westerns
Fallen in Love,Smith Westerns
Only One,Smith Westerns
Smile,Smith Westerns
Still New,Smith Westerns
Low Five,Sneaker Pimps
De Música Ligera,Soda Stereo
En La Ciudad De La Furia,Soda Stereo
Hasta La CIma Del Cielo (Edición Aniversario Remasterizado),Solido
Tal Vez (20 Aniversario Edición Remasterizado),Solido
Sugar Kane,Sonic Youth
Super Bon Bon,Soul Coughing
Black Hole Sun,Soundgarden
So Far Away,Staind
Born To Be Wild,Steppenwolf
Dakota,Stereophonics
Edge of Seventeen,Stevie Nicks
Big Empty,Stone Temple Pilots
Creep,Stone Temple Pilots
Interstate Love Song,Stone Temple Pilots
Plush,Stone Temple Pilots
Sex Type Thing,Stone Temple Pilots
Vasoline,Stone Temple Pilots
Wicked Garden,Stone Temple Pilots
Mr. Roboto,Styx
Cursed Mirror,Superchunk
Breakfast In America,Supertramp
Eye of the Tiger,Survivor
Aerials,System Of A Down
Chop Suey!,System Of A Down
Jet Pilot,System Of A Down
Prison Song,System Of A Down
Toxicity,System Of A Down
Presiento Que Voy A Llorar,Talismanes De Fermin Canales
Psycho Killer,Talking Heads
Psycho Killer (2005 Remaster),Talking Heads
Sax and Violins,Talking Heads
Love Fade,Tamaryn
Softcore,Tamaryn
Feels Like We Only Go Backwards,Tame Impala
Heaven Must Be Missing An Angel,Tavares
Everybody Wants To Rule The World,Tears For Fears
Head Over Heels,Tears For Fears
Marquee Moon (Edit),Television
Hunger Strike,Temple Of The Dog
Say Hello 2 Heaven,Temple Of The Dog
Move With the Season,Temples
La Plaga,Tha Mexakinz
House of the Rising Sun,The Animals
Private Idaho,The B-52's
Rock Lobster,The B-52's
Half Believing,The Black Angels
I Gotta Feeling,The Black Eyed Peas
Gold on the Ceiling,The Black Keys
Lonely Boy,The Black Keys
Tighten Up,The Black Keys
Tighten Up,The Black Keys
Sleazy Bed Track,The Bluetones
Wherever You Will Go,The Calling
My Favourite Game,The Cardigans
Anyone Alive?,The Chameleons
Don't Fall,The Chameleons
In Answer,The Chameleons
Second Skin,The Chameleons
Swamp Thing,The Chameleons
Tears,The Chameleons
Hey Boy Hey Girl,The Chemical Brothers
Out Of Control,The Chemical Brothers
The Golden Path,The Chemical Brothers
Antenna,The Church
Destination,The Church
Reptile,The Church
Under the Milky Way,The Church
Stay Free,The Clash
Animal Instinct,The Cranberries
Dreams,The Cranberries
Linger,The Cranberries
Promises,The Cranberries
Salvation,The Cranberries
Saving Grace,The Cranberries
When You're Gone,The Cranberries
Zombie,The Cranberries
A Forest,The Cure
Burn,The Cure
Friday I'm In Love,The Cure
Just Like Heaven,The Cure
Lovesong,The Cure
Pictures Of You,The Cure
Somewhere,The Danse Society
Lost in the Plot,The Dears
What a Fool Believes,The Doobie Brothers
Break on Through (To the Other Side),The Doors
Light My Fire,The Doors
Riders On The Storm,The Doors
The End,The Doors
Race for the Prize,The Flaming Lips
The W.A.N.D.,The Flaming Lips
Waterfall,The Fresh & Onlys
Iris,THE GOO GOO DOLLS
"Mute City (From ""F-Zero"")",The Greatest Bits
Keep Your Eyes Ahead,The Helio Sequence
It's Dawning,The Holydrug Couple
Press Enter To Exit,The Horrors
So Now You Know,The Horrors
Still Life,The Horrors
April Skies,The Jesus And Mary Chain
Happy When It Rains,The Jesus And Mary Chain
Just Like Honey,The Jesus And Mary Chain
Perfume,The Jesus And Mary Chain
Snakedriver,The Jesus And Mary Chain
A Great Snake,The Lemon Twigs
All My Little Words,The Magnetic Fields
California Girls,The Magnetic Fields
Strange Powers,The Magnetic Fields
Eine Symphonie des Grauens,The Monochrome Set
Between Something and Nothing,The Ocean Blue
Feelings,The Offspring
Pretty Fly (For A White Guy),The Offspring
The Kids Aren't Alright,The Offspring
Why Don't You Get A Job,The Offspring
Buffalo,The Phoenix Foundation
Damn The River,The Phoenix Foundation
Evolution Did,The Phoenix Foundation
Flock of Hearts,The Phoenix Foundation
Thames Soup,The Phoenix Foundation
The Captain,The Phoenix Foundation
Every Breath You Take,The Police
Soldier Girl,The Polyphonic Spree
Love My Way,The Psychedelic Furs
Sister Europe,The Psychedelic Furs
The Ghost in You,The Psychedelic Furs
Unchained Melody,The Righteous Brothers
(I Can't Get No) Satisfaction,The Rolling Stones
"Paint It, Black",The Rolling Stones
Under My Thumb,The Rolling Stones
Remember (Walkin' In The Sand),The Shangri-Las
Good Dancers,The Sleepy Jackson
1979,The Smashing Pumpkins
Ava Adore,The Smashing Pumpkins
Disarm,The Smashing Pumpkins
"Tonight, Tonight",The Smashing Pumpkins
How Soon Is Now?,The Smiths
The Headmaster Ritual,The Smiths
There Is a Light That Never Goes Out,The Smiths
This Charming Man,The Smiths
I Am The Resurrection,The Stone Roses
I Wanna Be Adored,The Stone Roses
Machu Picchu,The Strokes
Reptilia,The Strokes
The Adults Are Talking,The Strokes
Under Cover of Darkness,The Strokes
Hands,The Ting Tings
Disco Inferno,The Trammps
Bitter Sweet Symphony,The Verve
One Headlight,The Wallflowers
ANIMOSITY,The Warning
CHOKE,The Warning
Dust to Dust,The Warning
EVOLVE,The Warning
Narcisista,The Warning
Z,The Warning
Seven Nation Army,The White Stripes
1517,The Whitest Boy Alive
The Seeker,The Who
The Seeker,The Who
Time of the Season,The Zombies
Pobre de Ti,Tijuana No!
Lagrimas de Sangre,Tony De La Rosa
Me Piden,Tony De La Rosa
Sigue Siendo La Misma,Tony De La Rosa
Great Fairy’s Fountain,Tpr
Kakariko Village,Tpr
Song Of Storms,Tpr
Un nuevo amor,Tranzas
Meme City,Tropa Magica
Second Song,TV On The Radio
Will Do,TV On The Radio
Wolf Like Me,TV On The Radio
11 O'Clock Tick Tock,U2
An Cat Dubh,U2
"Hold Me, Thrill Me, Kiss Me, Kill Me",U2
No Line On The Horizon,U2
Hold My Hand,Unkle
"Girl, You'll Be a Woman Soon",Urge Overkill
Young,Vacations
Soy Así,Valentín Elizalde
Ice Ice Baby,Vanilla Ice
Ay Hombe,Various Interprets
Llévame En Tus Sueños,Various Interprets
No Podrán Separarnos,Various Interprets
"Orchestral Suite No. 3 in D Major, BWV 1068: II. Air ""On a G String"" (Arr. for Piano)",Various Interprets
Por Gustarte,Various Interprets
Preso,Various Interprets
El Esqueleto,Victimas Del Doctor Cerebro
Color Me Once,Violent Femmes
Where Do You Run To,Vivian Girls
Low Rider,War
A Place To Hide,White Lies
Am I Really Going To Die,White Lies
Death,White Lies
Farewell To The Fairground,White Lies
Fire And Wings,White Lies
Getting Even,White Lies
Hold Back Your Love,White Lies
Is My Love Enough?,White Lies
Kick Me,White Lies
Time To Give,White Lies
To Lose My Life,White Lies
Tokyo,White Lies
I Have Nothing,Whitney Houston
I Will Always Love You,Whitney Houston
How to Fight Lonliness,Wilco
Adore,Wild Nothing
Blue Wings,Wild Nothing
Chinatown,Wild Nothing
Foyer,Wild Nothing
Letting Go,Wild Nothing
Nocturne,Wild Nothing
Paradise,Wild Nothing
Partners in Motion,Wild Nothing
Ella Es Mi Vida,Wilfran Castillo
Ella Se Llevó Mi Vida,Wilfran Castillo
Olvídate que yo Existí,William Carrascal
Joker And The Thief,Wolfmother
Roundabout,Yes
I. Prélude,Yo-Yo Ma
If I Can't Have You,Yvonne Elliman
Labios Rotos,Zoé
Luna,Zoé
Nada,Zoé
Soñé,Zoé
Abre Los Ojos,Zurdok
Cuantos Pasos?,Zurdok
Hombre Sintetizador,Zurdok
Luna,Zurdok
Si Me Adverti,Zurdok
La Grange,ZZ Top